graph_id,graph_type,best_vertex,predicted_vertex,random_vertex,weight_best,weight_predicted,weight_random,weight_nearest_neighbor,improvement_pred_vs_rand,improvement_best_vs_rand,optimality_gap_pred
74,random,2,8,39,379.1711152412903,484.15511077736414,505.61316850906775,403.6814981990462,4.243967338702488,25.007666165148514,27.68776188799771
81,quasi-metric,1,13,3,246.79892314888045,263.0049858965754,263.5310116283611,245.38543207220445,0.19960676678443842,6.349191457996879,6.56650464310119
69,random,6,32,30,298.5842163330367,453.24510626618286,460.1994158649488,303.27516767776166,1.5111513311452671,35.11851470479486,51.79807956112441
29,metric,1,20,1,290.40304847944884,310.17818317776226,290.40304847944884,285.8991830778422,-6.809547903114682,0.0,6.809547903114682
8,euclidean,8,25,13,412.76261896275156,496.7363276705086,492.8181280073494,414.62577839099595,-0.7950599705010815,16.244432681137894,20.34431047045348
